"id","url","name","season","number","type","airdate","airtime","airstamp","runtime","image_medium","image_original","network_id","network_name","network_country_name","network_country_code","network_country_timezone","network_official_site","web_channel","web_channel_country"
"2730586","https://www.tvmaze.com/episodes/2730586/neznost-2x01-seria-1","Серия 1","2","1.0","regular","2024-01-01 00:00:00",NULL,"2023-12-31 19:00:00-05","23.0",NULL,NULL,"NaN",NULL,NULL,NULL,NULL,NULL,"NaN","NaN"
"2730587","https://www.tvmaze.com/episodes/2730587/neznost-2x02-seria-2","Серия 2","2","2.0","regular","2024-01-01 00:00:00",NULL,"2023-12-31 19:00:00-05","20.0",NULL,NULL,"NaN",NULL,NULL,NULL,NULL,NULL,"NaN","NaN"
"2730588","https://www.tvmaze.com/episodes/2730588/neznost-2x03-seria-3","Серия 3","2","3.0","regular","2024-01-01 00:00:00",NULL,"2023-12-31 19:00:00-05","19.0",NULL,NULL,"NaN",NULL,NULL,NULL,NULL,NULL,"NaN","NaN"
"2730589","https://www.tvmaze.com/episodes/2730589/neznost-2x04-seria-4","Серия 4","2","4.0","regular","2024-01-01 00:00:00",NULL,"2023-12-31 19:00:00-05","21.0",NULL,NULL,"NaN",NULL,NULL,NULL,NULL,NULL,"NaN","NaN"
"2730590","https://www.tvmaze.com/episodes/2730590/neznost-2x05-seria-5","Серия 5","2","5.0","regular","2024-01-01 00:00:00",NULL,"2023-12-31 19:00:00-05","20.0",NULL,NULL,"NaN",NULL,NULL,NULL,NULL,NULL,"NaN","NaN"
"2730591","https://www.tvmaze.com/episodes/2730591/neznost-2x06-seria-6","Серия 6","2","6.0","regular","2024-01-01 00:00:00",NULL,"2023-12-31 19:00:00-05","20.0",NULL,NULL,"NaN",NULL,NULL,NULL,NULL,NULL,"NaN","NaN"
"2730592","https://www.tvmaze.com/episodes/2730592/neznost-2x07-seria-7","Серия 7","2","7.0","regular","2024-01-01 00:00:00",NULL,"2023-12-31 19:00:00-05","20.0",NULL,NULL,"NaN",NULL,NULL,NULL,NULL,NULL,"NaN","NaN"
"2730593","https://www.tvmaze.com/episodes/2730593/neznost-2x08-seria-8","Серия 8","2","8.0","regular","2024-01-01 00:00:00",NULL,"2023-12-31 19:00:00-05","19.0",NULL,NULL,"NaN",NULL,NULL,NULL,NULL,NULL,"NaN","NaN"
"2730594","https://www.tvmaze.com/episodes/2730594/neznost-2x09-seria-9","Серия 9","2","9.0","regular","2024-01-01 00:00:00",NULL,"2023-12-31 19:00:00-05","18.0",NULL,NULL,"NaN",NULL,NULL,NULL,NULL,NULL,"NaN","NaN"
"2730595","https://www.tvmaze.com/episodes/2730595/neznost-2x10-seria-10","Серия 10","2","10.0","regular","2024-01-01 00:00:00",NULL,"2023-12-31 19:00:00-05","19.0",NULL,NULL,"NaN",NULL,NULL,NULL,NULL,NULL,"NaN","NaN"
"2718792","https://www.tvmaze.com/episodes/2718792/predposlednaa-instancia-3x01-seria-21","Серия 21","3","1.0","regular","2024-01-01 00:00:00",NULL,"2023-12-31 19:00:00-05","25.0",NULL,NULL,"NaN",NULL,NULL,NULL,NULL,NULL,"NaN","NaN"
"2719121","https://www.tvmaze.com/episodes/2719121/predposlednaa-instancia-3x02-seria-22","Серия 22","3","2.0","regular","2024-01-01 00:00:00",NULL,"2023-12-31 19:00:00-05","25.0",NULL,NULL,"NaN",NULL,NULL,NULL,NULL,NULL,"NaN","NaN"
"2718220","https://www.tvmaze.com/episodes/2718220/manuna-3x08-seria-8","Серия 8","3","8.0","regular","2024-01-01 00:00:00",NULL,"2023-12-31 19:00:00-05","20.0",NULL,NULL,"NaN",NULL,NULL,NULL,NULL,NULL,"NaN","NaN"
"2692646","https://www.tvmaze.com/episodes/2692646/nedetskoe-kino-1x01-seria-1","Серия 1","1","1.0","regular","2024-01-01 00:00:00",NULL,"2023-12-31 19:00:00-05","NaN",NULL,NULL,"NaN",NULL,NULL,NULL,NULL,NULL,"NaN","NaN"
"2692647","https://www.tvmaze.com/episodes/2692647/nedetskoe-kino-1x02-seria-2","Серия 2","1","2.0","regular","2024-01-01 00:00:00",NULL,"2023-12-31 19:00:00-05","NaN",NULL,NULL,"NaN",NULL,NULL,NULL,NULL,NULL,"NaN","NaN"
"2692648","https://www.tvmaze.com/episodes/2692648/nedetskoe-kino-1x03-seria-3","Серия 3","1","3.0","regular","2024-01-01 00:00:00",NULL,"2023-12-31 19:00:00-05","NaN",NULL,NULL,"NaN",NULL,NULL,NULL,NULL,NULL,"NaN","NaN"
"2692649","https://www.tvmaze.com/episodes/2692649/nedetskoe-kino-1x04-seria-4","Серия 4","1","4.0","regular","2024-01-01 00:00:00",NULL,"2023-12-31 19:00:00-05","NaN",NULL,NULL,"NaN",NULL,NULL,NULL,NULL,NULL,"NaN","NaN"
"2692650","https://www.tvmaze.com/episodes/2692650/nedetskoe-kino-1x05-seria-5","Серия 5","1","5.0","regular","2024-01-01 00:00:00",NULL,"2023-12-31 19:00:00-05","NaN",NULL,NULL,"NaN",NULL,NULL,NULL,NULL,NULL,"NaN","NaN"
"2692651","https://www.tvmaze.com/episodes/2692651/nedetskoe-kino-1x06-seria-6","Серия 6","1","6.0","regular","2024-01-01 00:00:00",NULL,"2023-12-31 19:00:00-05","NaN",NULL,NULL,"NaN",NULL,NULL,NULL,NULL,NULL,"NaN","NaN"
"2692652","https://www.tvmaze.com/episodes/2692652/nedetskoe-kino-1x07-seria-7","Серия 7","1","7.0","regular","2024-01-01 00:00:00",NULL,"2023-12-31 19:00:00-05","NaN",NULL,NULL,"NaN",NULL,NULL,NULL,NULL,NULL,"NaN","NaN"
"2692653","https://www.tvmaze.com/episodes/2692653/nedetskoe-kino-1x08-seria-8","Серия 8","1","8.0","regular","2024-01-01 00:00:00",NULL,"2023-12-31 19:00:00-05","NaN",NULL,NULL,"NaN",NULL,NULL,NULL,NULL,NULL,"NaN","NaN"
"2692654","https://www.tvmaze.com/episodes/2692654/nedetskoe-kino-1x09-seria-9","Серия 9","1","9.0","regular","2024-01-01 00:00:00",NULL,"2023-12-31 19:00:00-05","NaN",NULL,NULL,"NaN",NULL,NULL,NULL,NULL,NULL,"NaN","NaN"
"2692655","https://www.tvmaze.com/episodes/2692655/nedetskoe-kino-1x10-seria-10","Серия 10","1","10.0","regular","2024-01-01 00:00:00",NULL,"2023-12-31 19:00:00-05","NaN",NULL,NULL,"NaN",NULL,NULL,NULL,NULL,NULL,"NaN","NaN"
"2692656","https://www.tvmaze.com/episodes/2692656/nedetskoe-kino-1x11-seria-11","Серия 11","1","11.0","regular","2024-01-01 00:00:00",NULL,"2023-12-31 19:00:00-05","NaN",NULL,NULL,"NaN",NULL,NULL,NULL,NULL,NULL,"NaN","NaN"
"2692657","https://www.tvmaze.com/episodes/2692657/nedetskoe-kino-1x12-seria-12","Серия 12","1","12.0","regular","2024-01-01 00:00:00",NULL,"2023-12-31 19:00:00-05","NaN",NULL,NULL,"NaN",NULL,NULL,NULL,NULL,NULL,"NaN","NaN"
"2712914","https://www.tvmaze.com/episodes/2712914/uspesnyj-1x01-seria-1","Серия 1","1","1.0","regular","2024-01-01 00:00:00",NULL,"2023-12-31 19:00:00-05","NaN",NULL,NULL,"NaN",NULL,NULL,NULL,NULL,NULL,"NaN","NaN"
"2712915","https://www.tvmaze.com/episodes/2712915/uspesnyj-1x02-seria-2","Серия 2","1","2.0","regular","2024-01-01 00:00:00",NULL,"2023-12-31 19:00:00-05","NaN",NULL,NULL,"NaN",NULL,NULL,NULL,NULL,NULL,"NaN","NaN"
"2712916","https://www.tvmaze.com/episodes/2712916/uspesnyj-1x03-seria-3","Серия 3","1","3.0","regular","2024-01-01 00:00:00",NULL,"2023-12-31 19:00:00-05","NaN",NULL,NULL,"NaN",NULL,NULL,NULL,NULL,NULL,"NaN","NaN"
"2712917","https://www.tvmaze.com/episodes/2712917/uspesnyj-1x04-seria-4","Серия 4","1","4.0","regular","2024-01-01 00:00:00",NULL,"2023-12-31 19:00:00-05","NaN",NULL,NULL,"NaN",NULL,NULL,NULL,NULL,NULL,"NaN","NaN"
"2712918","https://www.tvmaze.com/episodes/2712918/uspesnyj-1x05-seria-5","Серия 5","1","5.0","regular","2024-01-01 00:00:00",NULL,"2023-12-31 19:00:00-05","NaN",NULL,NULL,"NaN",NULL,NULL,NULL,NULL,NULL,"NaN","NaN"
"2712919","https://www.tvmaze.com/episodes/2712919/uspesnyj-1x06-seria-6","Серия 6","1","6.0","regular","2024-01-01 00:00:00",NULL,"2023-12-31 19:00:00-05","NaN",NULL,NULL,"NaN",NULL,NULL,NULL,NULL,NULL,"NaN","NaN"
"2712920","https://www.tvmaze.com/episodes/2712920/uspesnyj-1x07-seria-7","Серия 7","1","7.0","regular","2024-01-01 00:00:00",NULL,"2023-12-31 19:00:00-05","NaN",NULL,NULL,"NaN",NULL,NULL,NULL,NULL,NULL,"NaN","NaN"
"2712921","https://www.tvmaze.com/episodes/2712921/uspesnyj-1x08-seria-8","Серия 8","1","8.0","regular","2024-01-01 00:00:00",NULL,"2023-12-31 19:00:00-05","NaN",NULL,NULL,"NaN",NULL,NULL,NULL,NULL,NULL,"NaN","NaN"
"2719575","https://www.tvmaze.com/episodes/2719575/kak-druza-zahara-zenili-1x01-seria-1","Серия 1","1","1.0","regular","2024-01-01 00:00:00",NULL,"2023-12-31 19:00:00-05","24.0",NULL,NULL,"NaN",NULL,NULL,NULL,NULL,NULL,"NaN","NaN"
"2730942","https://www.tvmaze.com/episodes/2730942/kak-druza-zahara-zenili-1x02-seria-2","Серия 2","1","2.0","regular","2024-01-01 00:00:00",NULL,"2023-12-31 19:00:00-05","28.0",NULL,NULL,"NaN",NULL,NULL,NULL,NULL,NULL,"NaN","NaN"
"2743350","https://www.tvmaze.com/episodes/2743350/imperatricy-1x01-ekaterina","Екатерина","1","1.0","regular","2024-01-01 00:00:00",NULL,"2023-12-31 19:00:00-05","41.0",NULL,NULL,"NaN",NULL,NULL,NULL,NULL,NULL,"NaN","NaN"
"2743351","https://www.tvmaze.com/episodes/2743351/imperatricy-1x02-anna","Анна","1","2.0","regular","2024-01-01 00:00:00",NULL,"2023-12-31 19:00:00-05","42.0",NULL,NULL,"NaN",NULL,NULL,NULL,NULL,NULL,"NaN","NaN"
"2743352","https://www.tvmaze.com/episodes/2743352/imperatricy-1x03-perevorot","Переворот","1","3.0","regular","2024-01-01 00:00:00",NULL,"2023-12-31 19:00:00-05","37.0",NULL,NULL,"NaN",NULL,NULL,NULL,NULL,NULL,"NaN","NaN"
"2743353","https://www.tvmaze.com/episodes/2743353/imperatricy-1x04-elizaveta","Елизавета","1","4.0","regular","2024-01-01 00:00:00",NULL,"2023-12-31 19:00:00-05","43.0",NULL,NULL,"NaN",NULL,NULL,NULL,NULL,NULL,"NaN","NaN"
"2743354","https://www.tvmaze.com/episodes/2743354/imperatricy-1x05-triumf","Триумф","1","5.0","regular","2024-01-01 00:00:00",NULL,"2023-12-31 19:00:00-05","33.0",NULL,NULL,"NaN",NULL,NULL,NULL,NULL,NULL,"NaN","NaN"
"2732794","https://www.tvmaze.com/episodes/2732794/planet-lulin-1x01-sucked-in","Sucked In","1","1.0","regular","2024-01-01 00:00:00",NULL,"2023-12-31 20:00:00-05","22.0",NULL,NULL,"NaN",NULL,NULL,NULL,NULL,NULL,"NaN","NaN"
"2732795","https://www.tvmaze.com/episodes/2732795/planet-lulin-1x02-countdown","Countdown","1","2.0","regular","2024-01-01 00:00:00",NULL,"2023-12-31 20:00:00-05","22.0",NULL,NULL,"NaN",NULL,NULL,NULL,NULL,NULL,"NaN","NaN"
"2732796","https://www.tvmaze.com/episodes/2732796/planet-lulin-1x03-it-came-from-the-bog","It Came From The Bog","1","3.0","regular","2024-01-01 00:00:00",NULL,"2023-12-31 20:00:00-05","22.0",NULL,NULL,"NaN",NULL,NULL,NULL,NULL,NULL,"NaN","NaN"
"2732797","https://www.tvmaze.com/episodes/2732797/planet-lulin-1x04-the-truth-is-really-out-there","The Truth Is Really Out There","1","4.0","regular","2024-01-01 00:00:00",NULL,"2023-12-31 20:00:00-05","21.0",NULL,NULL,"NaN",NULL,NULL,NULL,NULL,NULL,"NaN","NaN"
"2732798","https://www.tvmaze.com/episodes/2732798/planet-lulin-1x05-take-over","Take Over","1","5.0","regular","2024-01-01 00:00:00",NULL,"2023-12-31 20:00:00-05","22.0",NULL,NULL,"NaN",NULL,NULL,NULL,NULL,NULL,"NaN","NaN"
"2732799","https://www.tvmaze.com/episodes/2732799/planet-lulin-1x06-double-the-trouble","Double the Trouble","1","6.0","regular","2024-01-01 00:00:00",NULL,"2023-12-31 20:00:00-05","23.0",NULL,NULL,"NaN",NULL,NULL,NULL,NULL,NULL,"NaN","NaN"
"2732800","https://www.tvmaze.com/episodes/2732800/planet-lulin-1x07-hair-raiser","Hair Raiser","1","7.0","regular","2024-01-01 00:00:00",NULL,"2023-12-31 20:00:00-05","22.0",NULL,NULL,"NaN",NULL,NULL,NULL,NULL,NULL,"NaN","NaN"
"2732801","https://www.tvmaze.com/episodes/2732801/planet-lulin-1x08-space-zits","Space Zits","1","8.0","regular","2024-01-01 00:00:00",NULL,"2023-12-31 20:00:00-05","21.0",NULL,NULL,"NaN",NULL,NULL,NULL,NULL,NULL,"NaN","NaN"
"2732802","https://www.tvmaze.com/episodes/2732802/planet-lulin-1x09-zborked","Zborked","1","9.0","regular","2024-01-01 00:00:00",NULL,"2023-12-31 20:00:00-05","22.0",NULL,NULL,"NaN",NULL,NULL,NULL,NULL,NULL,"NaN","NaN"
"2732803","https://www.tvmaze.com/episodes/2732803/planet-lulin-1x10-the-void","The Void","1","10.0","regular","2024-01-01 00:00:00",NULL,"2023-12-31 20:00:00-05","23.0",NULL,NULL,"NaN",NULL,NULL,NULL,NULL,NULL,"NaN","NaN"
"2696937","https://www.tvmaze.com/episodes/2696937/supreme-god-emperor-1x340-episode-340","Episode 340","1","340.0","regular","2024-01-01 00:00:00","10:00:00","2023-12-31 21:00:00-05","10.0",NULL,NULL,"NaN",NULL,NULL,NULL,NULL,NULL,"NaN","NaN"
"2723022","https://www.tvmaze.com/episodes/2723022/against-the-sky-supreme-1x263-episode-263","Episode 263","1","263.0","regular","2024-01-01 00:00:00","10:00:00","2023-12-31 21:00:00-05","NaN",NULL,NULL,"NaN",NULL,NULL,NULL,NULL,NULL,"NaN","NaN"
"2729492","https://www.tvmaze.com/episodes/2729492/jiu-tian-xuan-di-jue-5x13-episode-209","Episode 209","5","13.0","regular","2024-01-01 00:00:00","10:00:00","2023-12-31 21:00:00-05","10.0",NULL,NULL,"NaN",NULL,NULL,NULL,NULL,NULL,"NaN","NaN"
"2659603","https://www.tvmaze.com/episodes/2659603/xian-ni-1x17-national-war","National War","1","17.0","regular","2024-01-01 00:00:00","10:00:00","2023-12-31 21:00:00-05","NaN",NULL,NULL,"NaN",NULL,NULL,NULL,NULL,NULL,"NaN","NaN"
"2723464","https://www.tvmaze.com/episodes/2723464/you-cant-hide-your-heart-1x13-episode-13","Episode 13","1","13.0","regular","2024-01-01 00:00:00","10:00:00","2023-12-31 21:00:00-05","15.0",NULL,NULL,"NaN",NULL,NULL,NULL,NULL,NULL,"NaN","NaN"
"2723465","https://www.tvmaze.com/episodes/2723465/you-cant-hide-your-heart-1x14-episode-14","Episode 14","1","14.0","regular","2024-01-01 00:00:00","10:00:00","2023-12-31 21:00:00-05","15.0",NULL,NULL,"NaN",NULL,NULL,NULL,NULL,NULL,"NaN","NaN"
"2796490","https://www.tvmaze.com/episodes/2796490/since-the-red-moon-appeared-1x04-episode-4","Episode 4","1","4.0","regular","2024-01-01 00:00:00","10:00:00","2023-12-31 21:00:00-05","18.0",NULL,NULL,"NaN",NULL,NULL,NULL,NULL,NULL,"NaN","NaN"
"2723494","https://www.tvmaze.com/episodes/2723494/sweet-supporting-actress-1x19-episode-19","Episode 19","1","19.0","regular","2024-01-01 00:00:00","11:30:00","2023-12-31 22:30:00-05","10.0",NULL,NULL,"NaN",NULL,NULL,NULL,NULL,NULL,"NaN","NaN"
"2723495","https://www.tvmaze.com/episodes/2723495/sweet-supporting-actress-1x20-episode-20","Episode 20","1","20.0","regular","2024-01-01 00:00:00","11:30:00","2023-12-31 22:30:00-05","10.0",NULL,NULL,"NaN",NULL,NULL,NULL,NULL,NULL,"NaN","NaN"
"2723496","https://www.tvmaze.com/episodes/2723496/sweet-supporting-actress-1x21-episode-21","Episode 21","1","21.0","regular","2024-01-01 00:00:00","11:30:00","2023-12-31 22:30:00-05","10.0",NULL,NULL,"NaN",NULL,NULL,NULL,NULL,NULL,"NaN","NaN"
"2726073","https://www.tvmaze.com/episodes/2726073/just-between-us-1x13-episode-13","Episode 13","1","13.0","regular","2024-01-01 00:00:00","11:30:00","2023-12-31 22:30:00-05","15.0",NULL,NULL,"NaN",NULL,NULL,NULL,NULL,NULL,"NaN","NaN"
"2726074","https://www.tvmaze.com/episodes/2726074/just-between-us-1x14-episode-14","Episode 14","1","14.0","regular","2024-01-01 00:00:00","11:30:00","2023-12-31 22:30:00-05","15.0",NULL,NULL,"NaN",NULL,NULL,NULL,NULL,NULL,"NaN","NaN"
"2726075","https://www.tvmaze.com/episodes/2726075/just-between-us-1x15-episode-15","Episode 15","1","15.0","regular","2024-01-01 00:00:00","11:30:00","2023-12-31 22:30:00-05","15.0",NULL,NULL,"NaN",NULL,NULL,NULL,NULL,NULL,"NaN","NaN"
"2726076","https://www.tvmaze.com/episodes/2726076/just-between-us-1x16-episode-16","Episode 16","1","16.0","regular","2024-01-01 00:00:00","11:30:00","2023-12-31 22:30:00-05","15.0",NULL,NULL,"NaN",NULL,NULL,NULL,NULL,NULL,"NaN","NaN"
"2704646","https://www.tvmaze.com/episodes/2704646/the-legend-of-magic-outfit-1x42-episode-42","Episode 42","1","42.0","regular","2024-01-01 00:00:00",NULL,"2023-12-31 23:00:00-05","NaN",NULL,NULL,"NaN",NULL,NULL,NULL,NULL,NULL,"NaN","NaN"
"2720259","https://www.tvmaze.com/episodes/2720259/the-heirloom-recipe-1x21-episode-21","Episode 21","1","21.0","regular","2024-01-01 00:00:00","12:00:00","2023-12-31 23:00:00-05","10.0",NULL,NULL,"NaN",NULL,NULL,NULL,NULL,NULL,"NaN","NaN"
"2723329","https://www.tvmaze.com/episodes/2723329/mirage-pavilion-1x13-episode-13","Episode 13","1","13.0","regular","2024-01-01 00:00:00","12:00:00","2023-12-31 23:00:00-05","10.0",NULL,NULL,"NaN",NULL,NULL,NULL,NULL,NULL,"NaN","NaN"
"2726359","https://www.tvmaze.com/episodes/2726359/passionate-love-1x08-episode-8","Episode 8","1","8.0","regular","2024-01-01 00:00:00","12:00:00","2023-12-31 23:00:00-05","15.0",NULL,NULL,"NaN",NULL,NULL,NULL,NULL,NULL,"NaN","NaN"
"2726360","https://www.tvmaze.com/episodes/2726360/passionate-love-1x09-episode-9","Episode 9","1","9.0","regular","2024-01-01 00:00:00","12:00:00","2023-12-31 23:00:00-05","15.0",NULL,NULL,"NaN",NULL,NULL,NULL,NULL,NULL,"NaN","NaN"
"2731468","https://www.tvmaze.com/episodes/2731468/the-proud-emperor-of-eternity-1x01-episode-1","Episode 1","1","1.0","regular","2024-01-01 00:00:00",NULL,"2023-12-31 23:00:00-05","16.0",NULL,NULL,"NaN",NULL,NULL,NULL,NULL,NULL,"NaN","NaN"
"2731469","https://www.tvmaze.com/episodes/2731469/the-proud-emperor-of-eternity-1x02-episode-2","Episode 2","1","2.0","regular","2024-01-01 00:00:00",NULL,"2023-12-31 23:00:00-05","16.0",NULL,NULL,"NaN",NULL,NULL,NULL,NULL,NULL,"NaN","NaN"
"2783434","https://www.tvmaze.com/episodes/2783434/senior-high-2x41-episode-41","Episode 41","2","41.0","regular","2024-01-01 00:00:00",NULL,"2023-12-31 23:00:00-05","23.0",NULL,NULL,"NaN",NULL,NULL,NULL,NULL,NULL,"NaN","NaN"
"2881040","https://www.tvmaze.com/episodes/2881040/my-ex-wife-conquered-the-world-1x27-episode-27","Episode 27","1","27.0","regular","2024-01-01 00:00:00",NULL,"2023-12-31 23:00:00-05","2.0",NULL,NULL,"NaN",NULL,NULL,NULL,NULL,NULL,"NaN","NaN"
"2705690","https://www.tvmaze.com/episodes/2705690/eastenders-2024-01-01-01012024","01/01/2024","2024","1.0","regular","2024-01-01 00:00:00","06:00:00","2024-01-01 01:00:00-05","29.0","https://static.tvmaze.com/uploads/images/medium_landscape/495/1238394.jpg","https://static.tvmaze.com/uploads/images/original_untouched/495/1238394.jpg","NaN",NULL,NULL,NULL,NULL,NULL,"NaN","NaN"
"2739209","https://www.tvmaze.com/episodes/2739209/river-city-23x21-01012024","01/01/2024","23","21.0","regular","2024-01-01 00:00:00","06:00:00","2024-01-01 01:00:00-05","28.0",NULL,NULL,"NaN",NULL,NULL,NULL,NULL,NULL,"NaN","NaN"
"2739210","https://www.tvmaze.com/episodes/2739210/river-city-23x22-03012024","03/01/2024","23","22.0","regular","2024-01-01 00:00:00","06:00:00","2024-01-01 01:00:00-05","28.0",NULL,NULL,"NaN",NULL,NULL,NULL,NULL,NULL,"NaN","NaN"
"2717359","https://www.tvmaze.com/episodes/2717359/lightseeker-the-story-of-the-young-mao-zedong-1x24-episode-24","Episode 24","1","24.0","regular","2024-01-01 00:00:00","19:30:00","2024-01-01 06:30:00-05","45.0",NULL,NULL,"481.0","Beijing TV","China","CN","Asia/Shanghai",NULL,"NaN","NaN"
"2703750","https://www.tvmaze.com/episodes/2703750/the-tourist-2x01-episode-1","Episode 1","2","1.0","regular","2024-01-01 00:00:00","06:00:00","2024-01-01 01:00:00-05","59.0","https://static.tvmaze.com/uploads/images/medium_landscape/497/1244938.jpg","https://static.tvmaze.com/uploads/images/original_untouched/497/1244938.jpg","NaN",NULL,NULL,NULL,NULL,NULL,"NaN","NaN"
"2703751","https://www.tvmaze.com/episodes/2703751/the-tourist-2x02-episode-2","Episode 2","2","2.0","regular","2024-01-01 00:00:00","06:00:00","2024-01-01 01:00:00-05","57.0","https://static.tvmaze.com/uploads/images/medium_landscape/497/1244939.jpg","https://static.tvmaze.com/uploads/images/original_untouched/497/1244939.jpg","NaN",NULL,NULL,NULL,NULL,NULL,"NaN","NaN"
"2703752","https://www.tvmaze.com/episodes/2703752/the-tourist-2x03-episode-3","Episode 3","2","3.0","regular","2024-01-01 00:00:00","06:00:00","2024-01-01 01:00:00-05","57.0","https://static.tvmaze.com/uploads/images/medium_landscape/497/1244940.jpg","https://static.tvmaze.com/uploads/images/original_untouched/497/1244940.jpg","NaN",NULL,NULL,NULL,NULL,NULL,"NaN","NaN"
"2703753","https://www.tvmaze.com/episodes/2703753/the-tourist-2x04-episode-4","Episode 4","2","4.0","regular","2024-01-01 00:00:00","06:00:00","2024-01-01 01:00:00-05","56.0","https://static.tvmaze.com/uploads/images/medium_landscape/497/1244941.jpg","https://static.tvmaze.com/uploads/images/original_untouched/497/1244941.jpg","NaN",NULL,NULL,NULL,NULL,NULL,"NaN","NaN"
"2703754","https://www.tvmaze.com/episodes/2703754/the-tourist-2x05-episode-5","Episode 5","2","5.0","regular","2024-01-01 00:00:00","06:00:00","2024-01-01 01:00:00-05","57.0","https://static.tvmaze.com/uploads/images/medium_landscape/497/1244942.jpg","https://static.tvmaze.com/uploads/images/original_untouched/497/1244942.jpg","NaN",NULL,NULL,NULL,NULL,NULL,"NaN","NaN"
"2703755","https://www.tvmaze.com/episodes/2703755/the-tourist-2x06-episode-6","Episode 6","2","6.0","regular","2024-01-01 00:00:00","06:00:00","2024-01-01 01:00:00-05","57.0","https://static.tvmaze.com/uploads/images/medium_landscape/497/1244943.jpg","https://static.tvmaze.com/uploads/images/original_untouched/497/1244943.jpg","NaN",NULL,NULL,NULL,NULL,NULL,"NaN","NaN"
"2846397","https://www.tvmaze.com/episodes/2846397/dance-pro-1x13-king-in-the-house","King in the House","1","13.0","regular","2024-01-01 00:00:00",NULL,"2024-01-01 01:30:00-05","NaN",NULL,NULL,"NaN",NULL,NULL,NULL,NULL,NULL,"NaN","NaN"
"2730306","https://www.tvmaze.com/episodes/2730306/sklifosovskij-11x09-seria-201","Серия 201","11","9.0","regular","2024-01-01 00:00:00","21:20:00","2024-01-01 04:20:00-05","52.0",NULL,NULL,"NaN",NULL,NULL,NULL,NULL,NULL,"NaN","NaN"
"2730307","https://www.tvmaze.com/episodes/2730307/sklifosovskij-11x10-seria-202","Серия 202","11","10.0","regular","2024-01-01 00:00:00","21:20:00","2024-01-01 04:20:00-05","52.0",NULL,NULL,"NaN",NULL,NULL,NULL,NULL,NULL,"NaN","NaN"
"2730308","https://www.tvmaze.com/episodes/2730308/sklifosovskij-11x11-seria-203","Серия 203","11","11.0","regular","2024-01-01 00:00:00","21:20:00","2024-01-01 04:20:00-05","52.0",NULL,NULL,"NaN",NULL,NULL,NULL,NULL,NULL,"NaN","NaN"
"2730309","https://www.tvmaze.com/episodes/2730309/sklifosovskij-11x12-seria-204","Серия 204","11","12.0","regular","2024-01-01 00:00:00","21:20:00","2024-01-01 04:20:00-05","52.0",NULL,NULL,"NaN",NULL,NULL,NULL,NULL,NULL,"NaN","NaN"
"2730310","https://www.tvmaze.com/episodes/2730310/sklifosovskij-11x13-seria-205","Серия 205","11","13.0","regular","2024-01-01 00:00:00","21:20:00","2024-01-01 04:20:00-05","52.0",NULL,NULL,"NaN",NULL,NULL,NULL,NULL,NULL,"NaN","NaN"
"2730311","https://www.tvmaze.com/episodes/2730311/sklifosovskij-11x14-seria-206","Серия 206","11","14.0","regular","2024-01-01 00:00:00","21:20:00","2024-01-01 04:20:00-05","52.0",NULL,NULL,"NaN",NULL,NULL,NULL,NULL,NULL,"NaN","NaN"
"2730312","https://www.tvmaze.com/episodes/2730312/sklifosovskij-11x15-seria-207","Серия 207","11","15.0","regular","2024-01-01 00:00:00","21:20:00","2024-01-01 04:20:00-05","52.0",NULL,NULL,"NaN",NULL,NULL,NULL,NULL,NULL,"NaN","NaN"
"2730313","https://www.tvmaze.com/episodes/2730313/sklifosovskij-11x16-seria-208","Серия 208","11","16.0","regular","2024-01-01 00:00:00","21:20:00","2024-01-01 04:20:00-05","52.0",NULL,NULL,"NaN",NULL,NULL,NULL,NULL,NULL,"NaN","NaN"
"2730314","https://www.tvmaze.com/episodes/2730314/antipodi-3x102-186-irina-farion-ii","186. Ірина Фаріон II","3","102.0","regular","2024-01-01 00:00:00",NULL,"2024-01-01 05:00:00-05","173.0",NULL,NULL,"NaN",NULL,NULL,NULL,NULL,NULL,"NaN","NaN"
"2718363","https://www.tvmaze.com/episodes/2718363/the-last-immortal-1x28-episode-28","Episode 28","1","28.0","regular","2024-01-01 00:00:00","18:00:00","2024-01-01 05:00:00-05","45.0",NULL,NULL,"NaN",NULL,NULL,NULL,NULL,NULL,"NaN","NaN"
"2718364","https://www.tvmaze.com/episodes/2718364/the-last-immortal-1x29-episode-29","Episode 29","1","29.0","regular","2024-01-01 00:00:00","18:00:00","2024-01-01 05:00:00-05","45.0",NULL,NULL,"NaN",NULL,NULL,NULL,NULL,NULL,"NaN","NaN"
"2729935","https://www.tvmaze.com/episodes/2729935/the-third-marriage-1x46-46hoe-geuleogo-bonikka-neomu-igsughan-ileum-iya","46회: 그러고 보니까, 너무 익숙한 이름이야.","1","46.0","regular","2024-01-01 00:00:00","19:00:00","2024-01-01 05:00:00-05","NaN","https://static.tvmaze.com/uploads/images/medium_landscape/498/1245082.jpg","https://static.tvmaze.com/uploads/images/original_untouched/498/1245082.jpg","166.0","MBC","Korea, Republic of","KR","Asia/Seoul",NULL,"NaN","NaN"
"2720278","https://www.tvmaze.com/episodes/2720278/i-love-you-1x16-episode-16","Episode 16","1","16.0","regular","2024-01-01 00:00:00","18:00:00","2024-01-01 05:00:00-05","45.0",NULL,NULL,"NaN",NULL,NULL,NULL,NULL,NULL,"NaN","NaN"
"2725195","https://www.tvmaze.com/episodes/2725195/youll-never-walk-alone-1x09-episode-9","Episode 9","1","9.0","regular","2024-01-01 00:00:00","18:00:00","2024-01-01 05:00:00-05","40.0",NULL,NULL,"NaN",NULL,NULL,NULL,NULL,NULL,"NaN","NaN"
"2722968","https://www.tvmaze.com/episodes/2722968/the-forensic-examiner-song-ci-1x14-episode-14","Episode 14","1","14.0","regular","2024-01-01 00:00:00","18:00:00","2024-01-01 05:00:00-05","45.0",NULL,NULL,"NaN",NULL,NULL,NULL,NULL,NULL,"NaN","NaN"
"2722969","https://www.tvmaze.com/episodes/2722969/the-forensic-examiner-song-ci-1x15-episode-15","Episode 15","1","15.0","regular","2024-01-01 00:00:00","18:00:00","2024-01-01 05:00:00-05","45.0",NULL,NULL,"NaN",NULL,NULL,NULL,NULL,NULL,"NaN","NaN"
"2744707","https://www.tvmaze.com/episodes/2744707/pasilan-myrkky-manni-1x01-katko","Kätkö","1","1.0","regular","2024-01-01 00:00:00",NULL,"2024-01-01 05:00:00-05","22.0",NULL,NULL,"NaN",NULL,NULL,NULL,NULL,NULL,"NaN","NaN"
"2744708","https://www.tvmaze.com/episodes/2744708/pasilan-myrkky-manni-1x02-kerho","Kerho","1","2.0","regular","2024-01-01 00:00:00",NULL,"2024-01-01 05:00:00-05","24.0",NULL,NULL,"NaN",NULL,NULL,NULL,NULL,NULL,"NaN","NaN"
"2715868","https://www.tvmaze.com/episodes/2715868/hver-gang-vi-motes-14x01-tom-matoma-lagergren-del-1","Tom «Matoma» Lagergren - del 1","14","1.0","regular","2024-01-01 00:00:00",NULL,"2024-01-01 06:00:00-05","44.0","https://static.tvmaze.com/uploads/images/medium_landscape/494/1236482.jpg","https://static.tvmaze.com/uploads/images/original_untouched/494/1236482.jpg","NaN",NULL,NULL,NULL,NULL,NULL,"NaN","NaN"
"2715869","https://www.tvmaze.com/episodes/2715869/hver-gang-vi-motes-14x02-tom-matoma-lagergren-del-2","Tom «Matoma» Lagergren - del 2","14","2.0","regular","2024-01-01 00:00:00",NULL,"2024-01-01 06:00:00-05","25.0","https://static.tvmaze.com/uploads/images/medium_landscape/494/1236483.jpg","https://static.tvmaze.com/uploads/images/original_untouched/494/1236483.jpg","NaN",NULL,NULL,NULL,NULL,NULL,"NaN","NaN"
"2717143","https://www.tvmaze.com/episodes/2717143/blossoms-1x13-episode-13","Episode 13","1","13.0","regular","2024-01-01 00:00:00","19:30:00","2024-01-01 06:30:00-05","45.0",NULL,NULL,"NaN",NULL,NULL,NULL,NULL,NULL,"NaN","NaN"
"2717144","https://www.tvmaze.com/episodes/2717144/blossoms-1x14-episode-14","Episode 14","1","14.0","regular","2024-01-01 00:00:00","19:30:00","2024-01-01 06:30:00-05","45.0",NULL,NULL,"NaN",NULL,NULL,NULL,NULL,NULL,"NaN","NaN"
"2717358","https://www.tvmaze.com/episodes/2717358/lightseeker-the-story-of-the-young-mao-zedong-1x23-episode-23","Episode 23","1","23.0","regular","2024-01-01 00:00:00","19:30:00","2024-01-01 06:30:00-05","45.0",NULL,NULL,"481.0","Beijing TV","China","CN","Asia/Shanghai",NULL,"NaN","NaN"
"2694272","https://www.tvmaze.com/episodes/2694272/marry-my-husband-1x01-episode-1","Episode 1","1","1.0","regular","2024-01-01 00:00:00","20:50:00","2024-01-01 06:50:00-05","80.0","https://static.tvmaze.com/uploads/images/medium_landscape/499/1249884.jpg","https://static.tvmaze.com/uploads/images/original_untouched/499/1249884.jpg","280.0","tvN","Korea, Republic of","KR","Asia/Seoul",NULL,"NaN","NaN"
"2729824","https://www.tvmaze.com/episodes/2729824/neighbours-39x61-episode-8964","Episode 8964","39","61.0","regular","2024-01-01 00:00:00",NULL,"2024-01-01 07:00:00-05","23.0","https://static.tvmaze.com/uploads/images/medium_landscape/498/1245353.jpg","https://static.tvmaze.com/uploads/images/original_untouched/498/1245353.jpg","NaN",NULL,NULL,NULL,NULL,NULL,"NaN","NaN"
"2744852","https://www.tvmaze.com/episodes/2744852/fck-thats-delicious-7x27-street-market-fine-dining-feat-amine-salehe-bembury-from-paris-with-love-part-deux","STREET MARKET FINE DINING FEAT. AMINÉ & SALEHE BEMBURY | FROM PARIS WITH LOVE PART DEUX","7","27.0","regular","2024-01-01 00:00:00",NULL,"2024-01-01 07:00:00-05","30.0",NULL,NULL,"NaN",NULL,NULL,NULL,NULL,NULL,"NaN","NaN"
"2704540","https://www.tvmaze.com/episodes/2704540/cravity-park-8x05-ep91-vity-family-part-1-penalty-race","EP.91 Vity Family Part 1: Penalty Race","8","5.0","regular","2024-01-01 00:00:00",NULL,"2024-01-01 07:00:00-05","NaN","https://static.tvmaze.com/uploads/images/medium_landscape/502/1257218.jpg","https://static.tvmaze.com/uploads/images/original_untouched/502/1257218.jpg","NaN",NULL,NULL,NULL,NULL,NULL,"NaN","NaN"
"2670549","https://www.tvmaze.com/episodes/2670549/du-bu-xiao-yao-1x378-episode-378","Episode 378","1","378.0","regular","2024-01-01 00:00:00",NULL,"2024-01-01 07:00:00-05","12.0",NULL,NULL,"NaN",NULL,NULL,NULL,NULL,NULL,"NaN","NaN"
"2705027","https://www.tvmaze.com/episodes/2705027/tongue-thaid-with-pangina-heals-2x05-crispy-pork-gang-with-jared-goldstein","Crispy Pork Gang with Jared Goldstein","2","5.0","regular","2024-01-01 00:00:00",NULL,"2024-01-01 07:00:00-05","14.0","https://static.tvmaze.com/uploads/images/medium_landscape/500/1250310.jpg","https://static.tvmaze.com/uploads/images/original_untouched/500/1250310.jpg","NaN",NULL,NULL,NULL,NULL,NULL,"NaN","NaN"
"2723019","https://www.tvmaze.com/episodes/2723019/to-do-x-txt-2024-01-01-ep124-when-we-go-to-jjimjilbang-part-1","EP.124 When We Go To Jjimjilbang, Part 1","2024","1.0","regular","2024-01-01 00:00:00","21:00:00","2024-01-01 07:00:00-05","NaN",NULL,NULL,"NaN",NULL,NULL,NULL,NULL,NULL,"NaN","NaN"
"2756105","https://www.tvmaze.com/episodes/2756105/kismetse-olur-askin-gucu-2x84-episode-84","Episode 84","2","84.0","regular","2024-01-01 00:00:00",NULL,"2024-01-01 07:00:00-05","159.0",NULL,NULL,"NaN",NULL,NULL,NULL,NULL,NULL,"NaN","NaN"
"2679406","https://www.tvmaze.com/episodes/2679406/harlan-cobens-fool-me-once-1x01-episode-1","Episode 1","1","1.0","regular","2024-01-01 00:00:00",NULL,"2024-01-01 07:00:00-05","56.0","https://static.tvmaze.com/uploads/images/medium_landscape/497/1244786.jpg","https://static.tvmaze.com/uploads/images/original_untouched/497/1244786.jpg","NaN",NULL,NULL,NULL,NULL,NULL,"NaN","NaN"
"2679627","https://www.tvmaze.com/episodes/2679627/harlan-cobens-fool-me-once-1x02-episode-2","Episode 2","1","2.0","regular","2024-01-01 00:00:00",NULL,"2024-01-01 07:00:00-05","46.0","https://static.tvmaze.com/uploads/images/medium_landscape/497/1244787.jpg","https://static.tvmaze.com/uploads/images/original_untouched/497/1244787.jpg","NaN",NULL,NULL,NULL,NULL,NULL,"NaN","NaN"
"2679629","https://www.tvmaze.com/episodes/2679629/harlan-cobens-fool-me-once-1x03-episode-3","Episode 3","1","3.0","regular","2024-01-01 00:00:00",NULL,"2024-01-01 07:00:00-05","41.0","https://static.tvmaze.com/uploads/images/medium_landscape/497/1244788.jpg","https://static.tvmaze.com/uploads/images/original_untouched/497/1244788.jpg","NaN",NULL,NULL,NULL,NULL,NULL,"NaN","NaN"
"2679630","https://www.tvmaze.com/episodes/2679630/harlan-cobens-fool-me-once-1x04-episode-4","Episode 4","1","4.0","regular","2024-01-01 00:00:00",NULL,"2024-01-01 07:00:00-05","51.0","https://static.tvmaze.com/uploads/images/medium_landscape/497/1244789.jpg","https://static.tvmaze.com/uploads/images/original_untouched/497/1244789.jpg","NaN",NULL,NULL,NULL,NULL,NULL,"NaN","NaN"
"2679631","https://www.tvmaze.com/episodes/2679631/harlan-cobens-fool-me-once-1x05-episode-5","Episode 5","1","5.0","regular","2024-01-01 00:00:00",NULL,"2024-01-01 07:00:00-05","54.0","https://static.tvmaze.com/uploads/images/medium_landscape/497/1244790.jpg","https://static.tvmaze.com/uploads/images/original_untouched/497/1244790.jpg","NaN",NULL,NULL,NULL,NULL,NULL,"NaN","NaN"
"2679632","https://www.tvmaze.com/episodes/2679632/harlan-cobens-fool-me-once-1x06-episode-6","Episode 6","1","6.0","regular","2024-01-01 00:00:00",NULL,"2024-01-01 07:00:00-05","52.0","https://static.tvmaze.com/uploads/images/medium_landscape/497/1244791.jpg","https://static.tvmaze.com/uploads/images/original_untouched/497/1244791.jpg","NaN",NULL,NULL,NULL,NULL,NULL,"NaN","NaN"
"2679633","https://www.tvmaze.com/episodes/2679633/harlan-cobens-fool-me-once-1x07-episode-7","Episode 7","1","7.0","regular","2024-01-01 00:00:00",NULL,"2024-01-01 07:00:00-05","50.0","https://static.tvmaze.com/uploads/images/medium_landscape/497/1244792.jpg","https://static.tvmaze.com/uploads/images/original_untouched/497/1244792.jpg","NaN",NULL,NULL,NULL,NULL,NULL,"NaN","NaN"
"2679634","https://www.tvmaze.com/episodes/2679634/harlan-cobens-fool-me-once-1x08-episode-8","Episode 8","1","8.0","regular","2024-01-01 00:00:00",NULL,"2024-01-01 07:00:00-05","35.0","https://static.tvmaze.com/uploads/images/medium_landscape/497/1244793.jpg","https://static.tvmaze.com/uploads/images/original_untouched/497/1244793.jpg","NaN",NULL,NULL,NULL,NULL,NULL,"NaN","NaN"
"2725230","https://www.tvmaze.com/episodes/2725230/special-lady-1x11-episode-11","Episode 11","1","11.0","regular","2024-01-01 00:00:00",NULL,"2024-01-01 07:00:00-05","45.0",NULL,NULL,"NaN",NULL,NULL,NULL,NULL,NULL,"NaN","NaN"
"2725231","https://www.tvmaze.com/episodes/2725231/special-lady-1x12-episode-12","Episode 12","1","12.0","regular","2024-01-01 00:00:00",NULL,"2024-01-01 07:00:00-05","45.0",NULL,NULL,"NaN",NULL,NULL,NULL,NULL,NULL,"NaN","NaN"
"2717478","https://www.tvmaze.com/episodes/2717478/derailment-1x27-episode-27","Episode 27","1","27.0","regular","2024-01-01 00:00:00","20:00:00","2024-01-01 07:00:00-05","45.0",NULL,NULL,"NaN",NULL,NULL,NULL,NULL,NULL,"NaN","NaN"
"2717479","https://www.tvmaze.com/episodes/2717479/derailment-1x28-episode-28","Episode 28","1","28.0","regular","2024-01-01 00:00:00","20:00:00","2024-01-01 07:00:00-05","45.0",NULL,NULL,"NaN",NULL,NULL,NULL,NULL,NULL,"NaN","NaN"
"2893551","https://www.tvmaze.com/episodes/2893551/one-world-with-zain-asher-and-bianna-golodryga-2024-01-01-episode-1","Episode 1","2024","1.0","regular","2024-01-01 00:00:00",NULL,"2024-01-01 07:00:00-05","60.0",NULL,NULL,"NaN",NULL,NULL,NULL,NULL,NULL,"NaN","NaN"
"2725448","https://www.tvmaze.com/episodes/2725448/the-mutations-1x06-episode-6","Episode 6","1","6.0","regular","2024-01-01 00:00:00",NULL,"2024-01-01 07:00:00-05","45.0",NULL,NULL,"NaN",NULL,NULL,NULL,NULL,NULL,"NaN","NaN"
"2711915","https://www.tvmaze.com/episodes/2711915/the-forerunner-1x23-episode-23","Episode 23","1","23.0","regular","2024-01-01 00:00:00","20:00:00","2024-01-01 07:00:00-05","45.0",NULL,NULL,"1282.0","CCTV-1","China","CN","Asia/Shanghai",NULL,"NaN","NaN"
"2711916","https://www.tvmaze.com/episodes/2711916/the-forerunner-1x24-episode-24","Episode 24","1","24.0","regular","2024-01-01 00:00:00","20:00:00","2024-01-01 07:00:00-05","45.0",NULL,NULL,"1282.0","CCTV-1","China","CN","Asia/Shanghai",NULL,"NaN","NaN"
"2712670","https://www.tvmaze.com/episodes/2712670/you-are-what-you-eat-a-twin-experiment-1x01-episode-1","Episode 1","1","1.0","regular","2024-01-01 00:00:00",NULL,"2024-01-01 07:00:00-05","44.0","https://static.tvmaze.com/uploads/images/medium_landscape/497/1244810.jpg","https://static.tvmaze.com/uploads/images/original_untouched/497/1244810.jpg","NaN",NULL,NULL,NULL,NULL,NULL,"NaN","NaN"
"2729393","https://www.tvmaze.com/episodes/2729393/you-are-what-you-eat-a-twin-experiment-1x02-episode-2","Episode 2","1","2.0","regular","2024-01-01 00:00:00",NULL,"2024-01-01 07:00:00-05","45.0","https://static.tvmaze.com/uploads/images/medium_landscape/497/1244811.jpg","https://static.tvmaze.com/uploads/images/original_untouched/497/1244811.jpg","NaN",NULL,NULL,NULL,NULL,NULL,"NaN","NaN"
"2729394","https://www.tvmaze.com/episodes/2729394/you-are-what-you-eat-a-twin-experiment-1x03-episode-3","Episode 3","1","3.0","regular","2024-01-01 00:00:00",NULL,"2024-01-01 07:00:00-05","49.0","https://static.tvmaze.com/uploads/images/medium_landscape/497/1244812.jpg","https://static.tvmaze.com/uploads/images/original_untouched/497/1244812.jpg","NaN",NULL,NULL,NULL,NULL,NULL,"NaN","NaN"
"2729395","https://www.tvmaze.com/episodes/2729395/you-are-what-you-eat-a-twin-experiment-1x04-episode-4","Episode 4","1","4.0","regular","2024-01-01 00:00:00",NULL,"2024-01-01 07:00:00-05","60.0","https://static.tvmaze.com/uploads/images/medium_landscape/497/1244813.jpg","https://static.tvmaze.com/uploads/images/original_untouched/497/1244813.jpg","NaN",NULL,NULL,NULL,NULL,NULL,"NaN","NaN"
"2728804","https://www.tvmaze.com/episodes/2728804/the-changemakers-1x01-the-changemakers-london","The Changemakers London","1","1.0","regular","2024-01-01 00:00:00",NULL,"2024-01-01 07:00:00-05","52.0","https://static.tvmaze.com/uploads/images/medium_landscape/498/1247098.jpg","https://static.tvmaze.com/uploads/images/original_untouched/498/1247098.jpg","NaN",NULL,NULL,NULL,NULL,NULL,"NaN","NaN"
"2728814","https://www.tvmaze.com/episodes/2728814/the-changemakers-1x02-the-changemakers-scotland","The Changemakers Scotland","1","2.0","regular","2024-01-01 00:00:00",NULL,"2024-01-01 07:00:00-05","48.0","https://static.tvmaze.com/uploads/images/medium_landscape/498/1247099.jpg","https://static.tvmaze.com/uploads/images/original_untouched/498/1247099.jpg","NaN",NULL,NULL,NULL,NULL,NULL,"NaN","NaN"
"2728815","https://www.tvmaze.com/episodes/2728815/the-changemakers-1x03-the-changemakers-miami","The Changemakers Miami","1","3.0","regular","2024-01-01 00:00:00",NULL,"2024-01-01 07:00:00-05","55.0","https://static.tvmaze.com/uploads/images/medium_landscape/498/1247100.jpg","https://static.tvmaze.com/uploads/images/original_untouched/498/1247100.jpg","NaN",NULL,NULL,NULL,NULL,NULL,"NaN","NaN"
"2728816","https://www.tvmaze.com/episodes/2728816/the-changemakers-1x04-the-changemakers-alabama","The Changemakers Alabama","1","4.0","regular","2024-01-01 00:00:00",NULL,"2024-01-01 07:00:00-05","55.0","https://static.tvmaze.com/uploads/images/medium_landscape/498/1247101.jpg","https://static.tvmaze.com/uploads/images/original_untouched/498/1247101.jpg","NaN",NULL,NULL,NULL,NULL,NULL,"NaN","NaN"
"2728817","https://www.tvmaze.com/episodes/2728817/the-changemakers-1x05-the-changemakers-denmark","The Changemakers Denmark","1","5.0","regular","2024-01-01 00:00:00",NULL,"2024-01-01 07:00:00-05","57.0","https://static.tvmaze.com/uploads/images/medium_landscape/498/1247102.jpg","https://static.tvmaze.com/uploads/images/original_untouched/498/1247102.jpg","NaN",NULL,NULL,NULL,NULL,NULL,"NaN","NaN"
"2728818","https://www.tvmaze.com/episodes/2728818/the-changemakers-1x06-the-changemakers-ghana","The Changemakers Ghana","1","6.0","regular","2024-01-01 00:00:00",NULL,"2024-01-01 07:00:00-05","50.0","https://static.tvmaze.com/uploads/images/medium_landscape/498/1247103.jpg","https://static.tvmaze.com/uploads/images/original_untouched/498/1247103.jpg","NaN",NULL,NULL,NULL,NULL,NULL,"NaN","NaN"
"2728819","https://www.tvmaze.com/episodes/2728819/the-changemakers-1x07-the-changemakers-lithuania","The Changemakers Lithuania","1","7.0","regular","2024-01-01 00:00:00",NULL,"2024-01-01 07:00:00-05","55.0","https://static.tvmaze.com/uploads/images/medium_landscape/498/1247104.jpg","https://static.tvmaze.com/uploads/images/original_untouched/498/1247104.jpg","NaN",NULL,NULL,NULL,NULL,NULL,"NaN","NaN"
"2728820","https://www.tvmaze.com/episodes/2728820/the-changemakers-1x08-how-to-change-your-world","How to Change Your World","1","8.0","regular","2024-01-01 00:00:00",NULL,"2024-01-01 07:00:00-05","43.0","https://static.tvmaze.com/uploads/images/medium_landscape/498/1247105.jpg","https://static.tvmaze.com/uploads/images/original_untouched/498/1247105.jpg","NaN",NULL,NULL,NULL,NULL,NULL,"NaN","NaN"
"2743381","https://www.tvmaze.com/episodes/2743381/talkoma-fd-1x01-pirate-world-fd","Pirate World FD","1","1.0","regular","2024-01-01 00:00:00",NULL,"2024-01-01 07:00:00-05","64.0","https://static.tvmaze.com/uploads/images/medium_landscape/500/1250141.jpg","https://static.tvmaze.com/uploads/images/original_untouched/500/1250141.jpg","NaN",NULL,NULL,NULL,NULL,NULL,"NaN","NaN"
"2795026","https://www.tvmaze.com/episodes/2795026/engineering-evolved-1x05-episode-5","Episode 5","1","5.0","regular","2024-01-01 00:00:00",NULL,"2024-01-01 07:00:00-05","52.0",NULL,NULL,"NaN",NULL,NULL,NULL,NULL,NULL,"NaN","NaN"
"2873697","https://www.tvmaze.com/episodes/2873697/al-khaen-1x47-47-alhlqt","47 الحلقة","1","47.0","regular","2024-01-01 00:00:00",NULL,"2024-01-01 07:00:00-05","43.0",NULL,NULL,"NaN",NULL,NULL,NULL,NULL,NULL,"NaN","NaN"
"2894285","https://www.tvmaze.com/episodes/2894285/first-edition-2024-01-01-episode-1","Episode 1","2024","1.0","regular","2024-01-01 00:00:00","07:00:00","2024-01-01 07:00:00-05","120.0",NULL,NULL,"NaN",NULL,NULL,NULL,NULL,NULL,"NaN","NaN"
"2878801","https://www.tvmaze.com/episodes/2878801/history-hunter-1x07-golconda-fort","Golconda Fort","1","7.0","regular","2024-01-01 00:00:00",NULL,"2024-01-01 07:00:00-05","21.0",NULL,NULL,"NaN",NULL,NULL,NULL,NULL,NULL,"NaN","NaN"
"2887556","https://www.tvmaze.com/episodes/2887556/bagan-beginning-1x05-episode-5","Episode 5","1","5.0","regular","2024-01-01 00:00:00",NULL,"2024-01-01 07:00:00-05","28.0",NULL,NULL,"NaN",NULL,NULL,NULL,NULL,NULL,"NaN","NaN"
"2906416","https://www.tvmaze.com/episodes/2906416/2-bears-1-cave-2024-01-01-ep-217-calling-comics-for-2-bears-5k","Ep. 217 Calling Comics for 2 Bears 5K","2024","1.0","regular","2024-01-01 00:00:00",NULL,"2024-01-01 07:00:00-05","88.0",NULL,NULL,"NaN",NULL,NULL,NULL,NULL,NULL,"NaN","NaN"
"3016548","https://www.tvmaze.com/episodes/3016548/la-voz-de-la-manana-2024-01-01-episodio-1","Episódio 1","2024","1.0","regular","2024-01-01 00:00:00","07:00:00","2024-01-01 07:00:00-05","120.0",NULL,NULL,"NaN",NULL,NULL,NULL,NULL,NULL,"NaN","NaN"
"2740507","https://www.tvmaze.com/episodes/2740507/family-feud-canada-5x57-episode-57","Episode 57","5","57.0","regular","2024-01-01 00:00:00","09:00:00","2024-01-01 08:00:00-05","30.0",NULL,NULL,"NaN",NULL,NULL,NULL,NULL,NULL,"NaN","NaN"
"2833117","https://www.tvmaze.com/episodes/2833117/abc-news-live-first-2024-01-01-episode-1","Episode 1","2024","1.0","regular","2024-01-01 00:00:00","08:00:00","2024-01-01 08:00:00-05","240.0",NULL,NULL,"NaN",NULL,NULL,NULL,NULL,NULL,"NaN","NaN"
"2708125","https://www.tvmaze.com/episodes/2708125/the-hope-1x23-episode-23","Episode 23","1","23.0","regular","2024-01-01 00:00:00","21:30:00","2024-01-01 08:30:00-05","45.0",NULL,NULL,"NaN",NULL,NULL,NULL,NULL,NULL,"NaN","NaN"
"2708126","https://www.tvmaze.com/episodes/2708126/the-hope-1x24-episode-24","Episode 24","1","24.0","regular","2024-01-01 00:00:00","21:30:00","2024-01-01 08:30:00-05","45.0",NULL,NULL,"NaN",NULL,NULL,NULL,NULL,NULL,"NaN","NaN"
"2973733","https://www.tvmaze.com/episodes/2973733/riley-rocket-1x21-rolling-with-riley","Rolling With Riley","1","21.0","regular","2024-01-01 00:00:00",NULL,"2024-01-01 11:00:00-05","11.0","https://static.tvmaze.com/uploads/images/medium_landscape/530/1326348.jpg","https://static.tvmaze.com/uploads/images/original_untouched/530/1326348.jpg","NaN",NULL,NULL,NULL,NULL,NULL,"NaN","NaN"
"2728785","https://www.tvmaze.com/episodes/2728785/days-of-our-lives-2024-01-01-ep-14760","Ep. #14760","2024","1.0","regular","2024-01-01 00:00:00",NULL,"2024-01-01 12:00:00-05","38.0","https://static.tvmaze.com/uploads/images/medium_landscape/530/1326520.jpg","https://static.tvmaze.com/uploads/images/original_untouched/530/1326520.jpg","NaN",NULL,NULL,NULL,NULL,NULL,"NaN","NaN"
"2800689","https://www.tvmaze.com/episodes/2800689/rooster-teeth-podcast-2024-01-01-is-2024-the-year-i-get-worse","Is 2024 The Year I Get WORSE?","2024","1.0","regular","2024-01-01 00:00:00",NULL,"2024-01-01 12:00:00-05","90.0",NULL,NULL,"NaN",NULL,NULL,NULL,NULL,NULL,"NaN","NaN"
"2625941","https://www.tvmaze.com/episodes/2625941/raw-talk-8x01-raw-talk-196","Raw Talk 196","8","1.0","regular","2024-01-01 00:00:00",NULL,"2024-01-01 12:00:00-05","30.0",NULL,NULL,"NaN",NULL,NULL,NULL,NULL,NULL,"NaN","NaN"
"2729738","https://www.tvmaze.com/episodes/2729738/nbc-news-daily-2024-01-01-episode-1","Episode 1","2024","1.0","regular","2024-01-01 00:00:00","12:00:00","2024-01-01 12:00:00-05","240.0",NULL,NULL,"NaN",NULL,NULL,NULL,NULL,NULL,"NaN","NaN"
"2898739","https://www.tvmaze.com/episodes/2898739/cbs-news-247-2024-01-01-episode-1","Episode 1","2024","1.0","regular","2024-01-01 00:00:00","12:00:00","2024-01-01 12:00:00-05","300.0",NULL,NULL,"NaN",NULL,NULL,NULL,NULL,NULL,"NaN","NaN"
"2890339","https://www.tvmaze.com/episodes/2890339/hope-street-3x09-episode-9","Episode 9","3","9.0","regular","2024-01-01 00:00:00","17:55:00","2024-01-01 12:55:00-05","44.0","https://static.tvmaze.com/uploads/images/medium_landscape/521/1303552.jpg","https://static.tvmaze.com/uploads/images/original_untouched/521/1303552.jpg","NaN",NULL,NULL,NULL,NULL,NULL,"NaN","NaN"
"2831451","https://www.tvmaze.com/episodes/2831451/cbs-news-latest-headlines-2024-01-01-episode-1","Episode 1","2024","1.0","regular","2024-01-01 00:00:00","13:00:00","2024-01-01 13:00:00-05","240.0",NULL,NULL,"NaN",NULL,NULL,NULL,NULL,NULL,"NaN","NaN"
"2833326","https://www.tvmaze.com/episodes/2833326/abc-news-live-2024-01-01-episode-1","Episode 1","2024","1.0","regular","2024-01-01 00:00:00","13:00:00","2024-01-01 13:00:00-05","180.0",NULL,NULL,"NaN",NULL,NULL,NULL,NULL,NULL,"NaN","NaN"
"2712154","https://www.tvmaze.com/episodes/2712154/robson-greens-weekend-escapes-2x01-kevin-whately","Kevin Whately","2","1.0","regular","2024-01-01 00:00:00","18:30:00","2024-01-01 13:30:00-05","29.0",NULL,NULL,"NaN",NULL,NULL,NULL,NULL,NULL,"NaN","NaN"
"2712155","https://www.tvmaze.com/episodes/2712155/robson-greens-weekend-escapes-2x02-angela-lonsdale","Angela Lonsdale","2","2.0","regular","2024-01-01 00:00:00","18:30:00","2024-01-01 13:30:00-05","29.0",NULL,NULL,"NaN",NULL,NULL,NULL,NULL,NULL,"NaN","NaN"
"2712156","https://www.tvmaze.com/episodes/2712156/robson-greens-weekend-escapes-2x03-mark-benton","Mark Benton","2","3.0","regular","2024-01-01 00:00:00","18:30:00","2024-01-01 13:30:00-05","29.0",NULL,NULL,"NaN",NULL,NULL,NULL,NULL,NULL,"NaN","NaN"
"2712157","https://www.tvmaze.com/episodes/2712157/robson-greens-weekend-escapes-2x04-denise-welch","Denise Welch","2","4.0","regular","2024-01-01 00:00:00","18:30:00","2024-01-01 13:30:00-05","29.0",NULL,NULL,"NaN",NULL,NULL,NULL,NULL,NULL,"NaN","NaN"
"2712158","https://www.tvmaze.com/episodes/2712158/robson-greens-weekend-escapes-2x05-david-and-matheson-green","David and Matheson Green","2","5.0","regular","2024-01-01 00:00:00","18:30:00","2024-01-01 13:30:00-05","29.0",NULL,NULL,"NaN",NULL,NULL,NULL,NULL,NULL,"NaN","NaN"
"2712159","https://www.tvmaze.com/episodes/2712159/robson-greens-weekend-escapes-2x06-tessa-peake-jones","Tessa Peake-Jones","2","6.0","regular","2024-01-01 00:00:00","18:30:00","2024-01-01 13:30:00-05","29.0",NULL,NULL,"NaN",NULL,NULL,NULL,NULL,NULL,"NaN","NaN"
"2712160","https://www.tvmaze.com/episodes/2712160/robson-greens-weekend-escapes-2x07-kenny-atkinson","Kenny Atkinson","2","7.0","regular","2024-01-01 00:00:00","18:30:00","2024-01-01 13:30:00-05","29.0",NULL,NULL,"NaN",NULL,NULL,NULL,NULL,NULL,"NaN","NaN"
"2712161","https://www.tvmaze.com/episodes/2712161/robson-greens-weekend-escapes-2x08-tanni-grey-thompson","Tanni Grey-Thompson","2","8.0","regular","2024-01-01 00:00:00","18:30:00","2024-01-01 13:30:00-05","29.0",NULL,NULL,"NaN",NULL,NULL,NULL,NULL,NULL,"NaN","NaN"
"2712162","https://www.tvmaze.com/episodes/2712162/robson-greens-weekend-escapes-2x09-shola-ameobi","Shola Ameobi","2","9.0","regular","2024-01-01 00:00:00","18:30:00","2024-01-01 13:30:00-05","29.0",NULL,NULL,"NaN",NULL,NULL,NULL,NULL,NULL,"NaN","NaN"
"2712163","https://www.tvmaze.com/episodes/2712163/robson-greens-weekend-escapes-2x10-dawn-kelly-and-joanna-green","Dawn Kelly and Joanna Green","2","10.0","regular","2024-01-01 00:00:00","18:30:00","2024-01-01 13:30:00-05","29.0",NULL,NULL,"NaN",NULL,NULL,NULL,NULL,NULL,"NaN","NaN"
"2712164","https://www.tvmaze.com/episodes/2712164/robson-greens-weekend-escapes-2x11-faye-tozer","Faye Tozer","2","11.0","regular","2024-01-01 00:00:00","18:30:00","2024-01-01 13:30:00-05","29.0",NULL,NULL,"NaN",NULL,NULL,NULL,NULL,NULL,"NaN","NaN"
"2712165","https://www.tvmaze.com/episodes/2712165/robson-greens-weekend-escapes-2x12-olly-smith","Olly Smith","2","12.0","regular","2024-01-01 00:00:00","18:30:00","2024-01-01 13:30:00-05","29.0",NULL,NULL,"NaN",NULL,NULL,NULL,NULL,NULL,"NaN","NaN"
"2712166","https://www.tvmaze.com/episodes/2712166/robson-greens-weekend-escapes-2x13-lee-ingleby","Lee Ingleby","2","13.0","regular","2024-01-01 00:00:00","18:30:00","2024-01-01 13:30:00-05","29.0",NULL,NULL,"NaN",NULL,NULL,NULL,NULL,NULL,"NaN","NaN"
"2712167","https://www.tvmaze.com/episodes/2712167/robson-greens-weekend-escapes-2x14-sarah-hunter","Sarah Hunter","2","14.0","regular","2024-01-01 00:00:00","18:30:00","2024-01-01 13:30:00-05","29.0",NULL,NULL,"NaN",NULL,NULL,NULL,NULL,NULL,"NaN","NaN"
"2712168","https://www.tvmaze.com/episodes/2712168/robson-greens-weekend-escapes-2x15-matheson-green","Matheson Green","2","15.0","regular","2024-01-01 00:00:00","18:30:00","2024-01-01 13:30:00-05","29.0",NULL,NULL,"NaN",NULL,NULL,NULL,NULL,NULL,"NaN","NaN"
"2726445","https://www.tvmaze.com/episodes/2726445/mesternes-mester-15x01-mesterkamp","Mesterkamp","15","1.0","regular","2024-01-01 00:00:00","20:05:00","2024-01-01 14:05:00-05","54.0","https://static.tvmaze.com/uploads/images/medium_landscape/501/1254540.jpg","https://static.tvmaze.com/uploads/images/original_untouched/501/1254540.jpg","NaN",NULL,NULL,NULL,NULL,NULL,"NaN","NaN"
"2723311","https://www.tvmaze.com/episodes/2723311/eden-hotel-4x28-28-resz","28. rész","4","28.0","regular","2024-01-01 00:00:00","22:25:00","2024-01-01 16:25:00-05","75.0",NULL,NULL,"426.0","RTL","Hungary","HU","Europe/Budapest",NULL,"NaN","NaN"
"2697246","https://www.tvmaze.com/episodes/2697246/mrs-browns-boys-s04-special-new-year-new-mammy","New Year, New Mammy","4","NaN","significant_special","2024-01-01 00:00:00","22:00:00","2024-01-01 17:00:00-05","29.0","https://static.tvmaze.com/uploads/images/medium_landscape/497/1243864.jpg","https://static.tvmaze.com/uploads/images/original_untouched/497/1243864.jpg","NaN",NULL,NULL,NULL,NULL,NULL,"NaN","NaN"
"2833236","https://www.tvmaze.com/episodes/2833236/abc-news-live-reports-2024-01-01-episode-1","Episode 1","2024","1.0","regular","2024-01-01 00:00:00","17:00:00","2024-01-01 17:00:00-05","120.0",NULL,NULL,"NaN",NULL,NULL,NULL,NULL,NULL,"NaN","NaN"
"2725712","https://www.tvmaze.com/episodes/2725712/sanningen-1x03-villospar","Villospår","1","3.0","regular","2024-01-01 00:00:00","00:00:00","2024-01-01 18:00:00-05","40.0","https://static.tvmaze.com/uploads/images/medium_landscape/497/1243606.jpg","https://static.tvmaze.com/uploads/images/original_untouched/497/1243606.jpg","NaN",NULL,NULL,NULL,NULL,NULL,"NaN","NaN"
"2833026","https://www.tvmaze.com/episodes/2833026/abc-prime-with-linsey-davis-2024-01-01-episode-1","Episode 1","2024","1.0","regular","2024-01-01 00:00:00","19:00:00","2024-01-01 19:00:00-05","90.0",NULL,NULL,"NaN",NULL,NULL,NULL,NULL,NULL,"NaN","NaN"
"2657625","https://www.tvmaze.com/episodes/2657625/wwe-monday-night-raw-31x01-1597-day-one-pechanga-arena-in-san-diego-ca","#1597 - Day One: Pechanga Arena in San Diego, CA","31","1.0","regular","2024-01-01 00:00:00","20:00:00","2024-01-01 20:00:00-05","180.0","https://static.tvmaze.com/uploads/images/medium_landscape/498/1245287.jpg","https://static.tvmaze.com/uploads/images/original_untouched/498/1245287.jpg","30.0","USA Network","United States","US","America/New_York","https://www.usanetwork.com","NaN","NaN"
"2731565","https://www.tvmaze.com/episodes/2731565/maine-cabin-masters-9x08-a-twofer-in-west-gardiner","A Twofer in West Gardiner","9","8.0","regular","2024-01-01 00:00:00","21:00:00","2024-01-01 21:00:00-05","60.0","https://static.tvmaze.com/uploads/images/medium_landscape/498/1245379.jpg","https://static.tvmaze.com/uploads/images/original_untouched/498/1245379.jpg","90.0","Magnolia Network","United States","US","America/New_York",NULL,"NaN","NaN"
"2732336","https://www.tvmaze.com/episodes/2732336/alle-elsker-david-5x01-stor-lykkelig-familie","Stor, lykkelig familie","5","1.0","regular","2024-01-01 00:00:00","03:00:00","2024-01-01 21:00:00-05","20.0",NULL,NULL,"NaN",NULL,NULL,NULL,NULL,NULL,"NaN","NaN"
"3045036","https://www.tvmaze.com/episodes/3045036/making-a-serial-killer-2x01-derrick-todd-lee","Derrick Todd Lee","2","1.0","regular","2024-01-01 00:00:00","00:00:00","2024-01-02 00:00:00-05","43.0","https://static.tvmaze.com/uploads/images/medium_landscape/542/1356081.jpg","https://static.tvmaze.com/uploads/images/original_untouched/542/1356081.jpg","NaN",NULL,NULL,NULL,NULL,NULL,"NaN","NaN"
